<?xml version="1.0" encoding="UTF-8"?>
<!DOCTYPE struts-config PUBLIC "-//Apache Software Foundation//DTD Struts Configuration 1.2//EN" "http://struts.apache.org/dtds/struts-config_1_2.dtd">
<struts-config>
	<data-sources />
	<form-beans>
		<form-bean name="questionForm"
			type="org.kp4tr.exams.formbeans.QuestionForm" />
		<form-bean name="selectExamForm"
			type="org.kp4tr.exams.formbeans.SelectExamForm" />
		<form-bean name="takeExamForm"
			type="org.kp4tr.exams.formbeans.TakeExamForm" />
	</form-beans>
	<global-exceptions />
	<global-forwards>
		<forward name="initselectexam" path="/selectexam.prarl" />
		<forward name="selectexam" path="/selectexam.jsp" />
		<forward name="takeexam" path="/takeexam_single.jsp" />
		<forward name="takeexam_single" path="/takeexam_single.jsp" />
		<forward name="endexam" path="/endexam.jsp" />
	</global-forwards>
	<action-mappings>
		<action path="/selectexam" name="selectExamForm" scope="request"
			input="/selectexam.jsp"
			type="org.kp4tr.exams.actions.SelectExamAction" validate="false" />
		<action path="/takeexam" name="questionForm" scope="session"
			input="/selectexam.jsp"
			type="org.kp4tr.exams.actions.TakeExamAction" validate="false" />
		<action path="/endexam" name="questionForm" scope="session"
			input="/takeexam.jsp" type="org.kp4tr.exams.actions.EndExamAction"
			validate="false" />
	</action-mappings>
	<controller />
	<message-resources parameter="org.kp4tr.exams.ApplicationResources" />
</struts-config>

